{"12": {"max_angular_difference": 1.4103674160989956, "rmsd": 0.02317296953508525, "nspots": 392, "bravais": "hP", "unit_cell": [33.581314390333645, 33.581314390333645, 22.03815939751147, 90.00000000000001, 90.00000000000001, 119.99999999999999], "cb_op": "-c,b,a", "max_cc": 0.7070418214440988, "min_cc": 0.6069257520182856, "correlation_coefficients": [0.8867966087916436, 0.6069257520182856, 0.7070418214440988], "cc_nrefs": [626, 206, 206], "recommended": true}, "11": {"max_angular_difference": 1.405569122917741, "rmsd": 0.02342261272856998, "nspots": 395, "bravais": "oC", "unit_cell": [33.50372736056994, 57.957760050651686, 22.076231207426677, 89.99999999999999, 90.00000000000001, 90.00000000000001], "cb_op": "b,-b+2*c,a", "max_cc": 0.699970528490111, "min_cc": 0.5275922982807494, "correlation_coefficients": [0.8867966087916436, 0.6990215399991686, 0.5275922982807494, 0.699970528490111], "cc_nrefs": [626, 383, 387, 400], "recommended": true}, "10": {"max_angular_difference": 1.405569122917741, "rmsd": 0.02351257499267031, "nspots": 393, "bravais": "oC", "unit_cell": [32.55880992269898, 56.793850343446174, 21.930459290014017, 90.00000000000003, 90.00000000000001, 90.00000000000001], "cb_op": "c,-2*b+c,a", "max_cc": 0.699970528490111, "min_cc": 0.5571646319696929, "correlation_coefficients": [0.8867966087916436, 0.5828295733926252, 0.5571646319696929, 0.699970528490111], "cc_nrefs": [626, 271, 281, 400], "recommended": true}, "9": {"max_angular_difference": 1.4103674160989956, "rmsd": 0.023731856344600274, "nspots": 393, "bravais": "oC", "unit_cell": [33.7941246720838, 58.09583343512338, 21.946204748663334, 90.00000000000001, 90.00000000000003, 90.0], "cb_op": "b-c,b+c,a", "max_cc": 0.699970528490111, "min_cc": 0.5187124977296682, "correlation_coefficients": [0.8867966087916436, 0.632789383207813, 0.5187124977296682, 0.699970528490111], "cc_nrefs": [626, 215, 191, 400], "recommended": true}, "8": {"max_angular_difference": 1.4103674160989956, "rmsd": 0.023454136759661664, "nspots": 393, "bravais": "mC", "unit_cell": [57.259587275983904, 33.291045204906645, 21.81921229282281, 90.00000000000003, 89.65251270222981, 90.0], "cb_op": "b+c,-b+c,a", "max_cc": 0.632789383207813, "min_cc": 0.632789383207813, "correlation_coefficients": [0.8867966087916436, 0.632789383207813], "cc_nrefs": [626, 215], "recommended": true}, "7": {"max_angular_difference": 1.405569122917741, "rmsd": 0.02360247372366461, "nspots": 393, "bravais": "mP", "unit_cell": [32.96540927122502, 21.92832407513017, 33.18286940987191, 90.00000000000001, 120.00039929869878, 89.99999999999999], "cb_op": "-c,a,-b+c", "max_cc": 0.699970528490111, "min_cc": 0.699970528490111, "correlation_coefficients": [0.8867966087916436, 0.699970528490111], "cc_nrefs": [626, 400], "recommended": true}, "6": {"max_angular_difference": 1.353612545536707, "rmsd": 0.023178877500287007, "nspots": 394, "bravais": "mC", "unit_cell": [33.50169279875845, 58.25203968647792, 21.797092347707093, 89.99999999999999, 89.41803956373873, 90.00000000000001], "cb_op": "b,-b+2*c,a", "max_cc": 0.5275922982807494, "min_cc": 0.5275922982807494, "correlation_coefficients": [0.8867966087916436, 0.5275922982807494], "cc_nrefs": [626, 387], "recommended": true}, "5": {"max_angular_difference": 1.061944115329233, "rmsd": 0.023528598777574763, "nspots": 393, "bravais": "mC", "unit_cell": [32.586597664157644, 56.85500331747843, 21.94346185296345, 90.00000000000003, 90.03343461694898, 90.00000000000003], "cb_op": "c,-2*b+c,a", "max_cc": 0.5571646319696929, "min_cc": 0.5571646319696929, "correlation_coefficients": [0.8867966087916436, 0.5571646319696929], "cc_nrefs": [626, 281], "recommended": true}, "4": {"max_angular_difference": 0.9221369943314105, "rmsd": 0.023479531522729233, "nspots": 394, "bravais": "mC", "unit_cell": [57.06180907390428, 32.74185976101812, 21.95278178410671, 90.0, 89.8638634751997, 90.0], "cb_op": "2*b-c,c,a", "max_cc": 0.5828295733926252, "min_cc": 0.5828295733926252, "correlation_coefficients": [0.8867966087916436, 0.5828295733926252], "cc_nrefs": [626, 271], "recommended": true}, "3": {"max_angular_difference": 0.5262928246497529, "rmsd": 0.023228883783876268, "nspots": 394, "bravais": "mC", "unit_cell": [56.35895043118587, 32.37924874332134, 21.627001188402964, 90.00000000000001, 91.09306588560554, 90.00000000000001], "cb_op": "b-2*c,b,a", "max_cc": 0.6990215399991686, "min_cc": 0.6990215399991686, "correlation_coefficients": [0.8867966087916436, 0.6990215399991686], "cc_nrefs": [626, 383], "recommended": true}, "2": {"max_angular_difference": 0.3955827903006801, "rmsd": 0.023417154192603908, "nspots": 393, "bravais": "mC", "unit_cell": [33.96959492936969, 58.428030119847904, 22.00003231232331, 90.00000000000003, 89.8571429684761, 90.00000000000001], "cb_op": "b-c,b+c,a", "max_cc": 0.5187124977296682, "min_cc": 0.5187124977296682, "correlation_coefficients": [0.8867966087916436, 0.5187124977296682], "cc_nrefs": [626, 191], "recommended": true}, "1": {"max_angular_difference": 0.0, "rmsd": 0.023758682537465856, "nspots": 394, "bravais": "aP", "unit_cell": [24.090547775467652, 37.492962279287404, 37.32981436980081, 60.11941016857306, 90.9222003134457, 89.5391587501977], "cb_op": "a,b,c", "max_cc": null, "min_cc": null, "correlation_coefficients": [0.8867966087916436], "cc_nrefs": [626], "recommended": true}}