{"12": {"max_angular_difference": 1.4103674160989956, "rmsd": 0.02317296953508528, "nspots": 392, "bravais": "hP", "unit_cell": [33.58131439036061, 33.58131439036062, 22.03815939752895, 90.00000000000001, 89.99999999999999, 119.99999999999999], "cb_op": "-c,b,a", "max_cc": 0.7070418214440988, "min_cc": 0.6069257520182856, "correlation_coefficients": [0.8867966087916436, 0.6069257520182856, 0.7070418214440988], "cc_nrefs": [626, 206, 206], "recommended": true}, "11": {"max_angular_difference": 1.405569122917741, "rmsd": 0.02342261272857691, "nspots": 395, "bravais": "oC", "unit_cell": [33.50372736069105, 57.95776005086672, 22.076231207497543, 90.00000000000003, 90.00000000000001, 90.00000000000001], "cb_op": "b,-b+2*c,a", "max_cc": 0.699970528490111, "min_cc": 0.5275922982807494, "correlation_coefficients": [0.8867966087916436, 0.6990215399991686, 0.5275922982807494, 0.699970528490111], "cc_nrefs": [626, 383, 387, 400], "recommended": true}, "10": {"max_angular_difference": 1.405569122917741, "rmsd": 0.023512574992658734, "nspots": 393, "bravais": "oC", "unit_cell": [32.55880992279514, 56.79385034360661, 21.930459290065205, 90.00000000000001, 90.00000000000001, 90.00000000000003], "cb_op": "c,-2*b+c,a", "max_cc": 0.699970528490111, "min_cc": 0.5571646319696929, "correlation_coefficients": [0.8867966087916436, 0.5828295733926252, 0.5571646319696929, 0.699970528490111], "cc_nrefs": [626, 271, 281, 400], "recommended": true}, "9": {"max_angular_difference": 1.4103674160989956, "rmsd": 0.023731856344603366, "nspots": 393, "bravais": "oC", "unit_cell": [33.79412467205455, 58.09583343507234, 21.946204748643847, 90.00000000000001, 90.00000000000001, 90.00000000000003], "cb_op": "b-c,b+c,a", "max_cc": 0.699970528490111, "min_cc": 0.5187124977296682, "correlation_coefficients": [0.8867966087916436, 0.632789383207813, 0.5187124977296682, 0.699970528490111], "cc_nrefs": [626, 215, 191, 400], "recommended": true}, "8": {"max_angular_difference": 1.4103674160989956, "rmsd": 0.0234541367596652, "nspots": 393, "bravais": "mC", "unit_cell": [57.25958727654587, 33.29104520523581, 21.81921229302848, 90.00000000000004, 89.65251270223564, 90.00000000000003], "cb_op": "b+c,-b+c,a", "max_cc": 0.632789383207813, "min_cc": 0.632789383207813, "correlation_coefficients": [0.8867966087916436, 0.632789383207813], "cc_nrefs": [626, 215], "recommended": true}, "7": {"max_angular_difference": 1.405569122917741, "rmsd": 0.023602473723680586, "nspots": 393, "bravais": "mP", "unit_cell": [32.96540927155481, 21.92832407520919, 33.18286941020092, 90.0, 120.00039929876183, 90.00000000000001], "cb_op": "-c,a,-b+c", "max_cc": 0.699970528490111, "min_cc": 0.699970528490111, "correlation_coefficients": [0.8867966087916436, 0.699970528490111], "cc_nrefs": [626, 400], "recommended": true}, "6": {"max_angular_difference": 1.353612545536707, "rmsd": 0.023178877500274465, "nspots": 394, "bravais": "mC", "unit_cell": [33.50169279871326, 58.252039686370516, 21.797092347717488, 90.00000000000003, 89.4180395637587, 90.00000000000001], "cb_op": "b,-b+2*c,a", "max_cc": 0.5275922982807494, "min_cc": 0.5275922982807494, "correlation_coefficients": [0.8867966087916436, 0.5275922982807494], "cc_nrefs": [626, 387], "recommended": true}, "5": {"max_angular_difference": 1.061944115329233, "rmsd": 0.02352859877757805, "nspots": 393, "bravais": "mC", "unit_cell": [32.58659766420827, 56.855003317569775, 21.943461853003562, 90.00000000000001, 90.03343461694845, 90.00000000000001], "cb_op": "c,-2*b+c,a", "max_cc": 0.5571646319696929, "min_cc": 0.5571646319696929, "correlation_coefficients": [0.8867966087916436, 0.5571646319696929], "cc_nrefs": [626, 281], "recommended": true}, "4": {"max_angular_difference": 0.9221369943314105, "rmsd": 0.023479531522736272, "nspots": 394, "bravais": "mC", "unit_cell": [57.06180907392951, 32.74185976102866, 21.95278178412648, 90.00000000000003, 89.86386347521119, 90.00000000000003], "cb_op": "2*b-c,c,a", "max_cc": 0.5828295733926252, "min_cc": 0.5828295733926252, "correlation_coefficients": [0.8867966087916436, 0.5828295733926252], "cc_nrefs": [626, 271], "recommended": true}, "3": {"max_angular_difference": 0.5262928246497529, "rmsd": 0.023228883783880345, "nspots": 394, "bravais": "mC", "unit_cell": [56.35895043080398, 32.379248743087906, 21.62700118832299, 90.00000000000001, 91.09306588575089, 90.00000000000001], "cb_op": "b-2*c,b,a", "max_cc": 0.6990215399991686, "min_cc": 0.6990215399991686, "correlation_coefficients": [0.8867966087916436, 0.6990215399991686], "cc_nrefs": [626, 383], "recommended": true}, "2": {"max_angular_difference": 0.3955827903006801, "rmsd": 0.023417154192606864, "nspots": 393, "bravais": "mC", "unit_cell": [33.969594929361605, 58.428030119833345, 22.000032312317643, 90.00000000000001, 89.85714296847647, 89.99999999999997], "cb_op": "b-c,b+c,a", "max_cc": 0.5187124977296682, "min_cc": 0.5187124977296682, "correlation_coefficients": [0.8867966087916436, 0.5187124977296682], "cc_nrefs": [626, 191], "recommended": true}, "1": {"max_angular_difference": 0.0, "rmsd": 0.023758682537465825, "nspots": 394, "bravais": "aP", "unit_cell": [24.090547775467677, 37.4929622792874, 37.32981436980081, 60.11941016857305, 90.92220031344567, 89.53915875019769], "cb_op": "a,b,c", "max_cc": null, "min_cc": null, "correlation_coefficients": [0.8867966087916436], "cc_nrefs": [626], "recommended": true}}