{"22": {"max_angular_difference": 1.3330537805015448, "rmsd": 0.04733068593643311, "nspots": 5307, "bravais": "cI", "unit_cell": [12.017694332393702, 12.017694332393702, 12.017694332393704, 90.0, 90.00000000000001, 90.0], "cb_op": "b+c,a+c,a+b", "max_cc": 0.9106236706243508, "min_cc": 0.7670437728706243, "correlation_coefficients": [0.9987471040744634, 0.8151525007425863, 0.8154807158517168, 0.8342764143962946, 0.8321738592812646, 0.8197875026679664, 0.8195845520419373, 0.7670437728706243, 0.7671391671407424, 0.8539900881341927, 0.9039984744754571, 0.9106236706243508], "cc_nrefs": [6223, 1740, 1740, 1410, 1410, 1230, 1230, 2741, 2741, 1047, 2550, 1428], "recommended": true}, "21": {"max_angular_difference": 1.3330537805015448, "rmsd": 0.0479847299748884, "nspots": 5273, "bravais": "tI", "unit_cell": [12.035529356506641, 12.035529356506645, 12.148746020084085, 90.0, 90.0, 89.99999999999999], "cb_op": "b+c,a+c,a+b", "max_cc": 0.9106236706243508, "min_cc": 0.7983252020377062, "correlation_coefficients": [0.9987471040744634, 0.7983252020377062, 0.8002047962792893, 0.9106236706243508], "cc_nrefs": [6223, 1464, 1464, 1428], "recommended": true}, "20": {"max_angular_difference": 1.3330537805015448, "rmsd": 0.04972215070444022, "nspots": 5282, "bravais": "tI", "unit_cell": [11.90221126739347, 11.902211267393467, 12.055783377685673, 90.0, 90.00000000000001, 90.00000000000003], "cb_op": "a+b,b+c,a+c", "max_cc": 0.9039984744754571, "min_cc": 0.8680041088414451, "correlation_coefficients": [0.9987471040744634, 0.8680041088414451, 0.8690477913421296, 0.9039984744754571], "cc_nrefs": [6223, 819, 819, 2550], "recommended": true}, "19": {"max_angular_difference": 1.3330537805015448, "rmsd": 0.04798179947661947, "nspots": 5280, "bravais": "tI", "unit_cell": [12.057385106732514, 12.057385106732516, 11.964888588939248, 90.0, 90.00000000000003, 90.00000000000001], "cb_op": "a+c,a+b,b+c", "max_cc": 0.8926243869468213, "min_cc": 0.8539900881341927, "correlation_coefficients": [0.9987471040744634, 0.8922819663726639, 0.8926243869468213, 0.8539900881341927], "cc_nrefs": [6223, 1935, 1935, 1047], "recommended": true}, "18": {"max_angular_difference": 1.3330537805015448, "rmsd": 0.047934799231074514, "nspots": 5276, "bravais": "oI", "unit_cell": [11.965401609885607, 12.058398674352281, 12.05770339925769, 90.00000000000003, 90.00000000000003, 90.00000000000003], "cb_op": "b+c,a+c,a+b", "max_cc": 0.9106236706243508, "min_cc": 0.8539900881341927, "correlation_coefficients": [0.9987471040744634, 0.8539900881341927, 0.9039984744754571, 0.9106236706243508], "cc_nrefs": [6223, 1047, 2550, 1428], "recommended": true}, "17": {"max_angular_difference": 1.3330537805015448, "rmsd": 0.04799981503400889, "nspots": 5249, "bravais": "oF", "unit_cell": [12.047058920751734, 17.16927085643066, 17.070269269946536, 90.00000000000001, 90.00000000000001, 90.00000000000001], "cb_op": "b+c,-b+c,2*a+b+c", "max_cc": 0.8927274646699187, "min_cc": 0.8455693182587692, "correlation_coefficients": [0.9987471040744634, 0.8539900881341927, 0.8927274646699187, 0.8455693182587692], "cc_nrefs": [6223, 1047, 1790, 2978], "recommended": true}, "16": {"max_angular_difference": 1.3330537805015448, "rmsd": 0.04782616497658234, "nspots": 5247, "bravais": "mI", "unit_cell": [12.111227150889922, 12.076584733578061, 12.137835300250398, 90.00000000000001, 89.61538579733076, 90.00000000000001], "cb_op": "a+c,b+c,-a-b", "max_cc": 0.8539900881341927, "min_cc": 0.8539900881341927, "correlation_coefficients": [0.9987471040744634, 0.8539900881341927], "cc_nrefs": [6223, 1047], "recommended": true}, "15": {"max_angular_difference": 1.295460026745559, "rmsd": 0.0485583185611505, "nspots": 5291, "bravais": "oF", "unit_cell": [12.063643069999005, 17.03615253632163, 16.96002413255201, 90.00000000000004, 90.00000000000003, 90.00000000000003], "cb_op": "-a-c,-a+c,a+2*b+c", "max_cc": 0.9039984744754571, "min_cc": 0.8914261171309709, "correlation_coefficients": [0.9987471040744634, 0.9039984744754571, 0.8979580819328571, 0.8914261171309709], "cc_nrefs": [6223, 2550, 2300, 3217], "recommended": true}, "14": {"max_angular_difference": 1.295460026745559, "rmsd": 0.04752327673408634, "nspots": 5250, "bravais": "mI", "unit_cell": [12.020676603432142, 12.066290401857938, 12.094001282660289, 90.00000000000003, 89.85577555733872, 90.0], "cb_op": "-b-c,-a-c,a+b", "max_cc": 0.9039984744754571, "min_cc": 0.9039984744754571, "correlation_coefficients": [0.9987471040744634, 0.9039984744754571], "cc_nrefs": [6223, 2550], "recommended": true}, "13": {"max_angular_difference": 1.2607016627053242, "rmsd": 0.0477486051885765, "nspots": 5269, "bravais": "hR", "unit_cell": [17.03733211773066, 17.037332117730656, 10.366203087061983, 90.0, 90.0, 120.00000000000001], "cb_op": "a+b+2*c,a-c,b", "max_cc": 0.8342764143962946, "min_cc": 0.8321738592812646, "correlation_coefficients": [0.9987471040744634, 0.8342764143962946, 0.8321738592812646], "cc_nrefs": [6223, 1410, 1410], "recommended": true}, "12": {"max_angular_difference": 1.2607016627053242, "rmsd": 0.047354580640053004, "nspots": 5272, "bravais": "hR", "unit_cell": [17.07095246215765, 17.07095246215765, 10.50784921864928, 90.0, 90.00000000000001, 119.99999999999997], "cb_op": "2*a+b+c,-a+b,c", "max_cc": 0.7671391671407424, "min_cc": 0.7670437728706243, "correlation_coefficients": [0.9987471040744634, 0.7671391671407424, 0.7670437728706243], "cc_nrefs": [6223, 2741, 2741], "recommended": true}, "11": {"max_angular_difference": 1.2607016627053242, "rmsd": 0.047073249783539266, "nspots": 5245, "bravais": "mI", "unit_cell": [10.435851287772422, 17.07032819831214, 10.46218057038331, 90.00000000000001, 109.76975739093076, 90.0], "cb_op": "-b,-2*a-b-c,-c", "max_cc": 0.8455693182587692, "min_cc": 0.8455693182587692, "correlation_coefficients": [0.9987471040744634, 0.8455693182587692], "cc_nrefs": [6223, 2978], "recommended": true}, "10": {"max_angular_difference": 1.2005790380818235, "rmsd": 0.04907536986922474, "nspots": 5288, "bravais": "hR", "unit_cell": [16.91230595779018, 16.912305957790178, 10.418540708520862, 90.00000000000001, 89.99999999999997, 120.00000000000004], "cb_op": "a+2*b+c,-b+c,a", "max_cc": 0.8197875026679664, "min_cc": 0.8195845520419373, "correlation_coefficients": [0.9987471040744634, 0.8197875026679664, 0.8195845520419373], "cc_nrefs": [6223, 1230, 1230], "recommended": true}, "9": {"max_angular_difference": 1.2005790380818235, "rmsd": 0.046061120373696106, "nspots": 5257, "bravais": "mI", "unit_cell": [10.494020265498134, 17.342529575454233, 10.674280941341772, 90.0, 109.7397166245625, 89.99999999999999], "cb_op": "-a,a+2*b+c,-c", "max_cc": 0.8914261171309709, "min_cc": 0.8914261171309709, "correlation_coefficients": [0.9987471040744634, 0.8914261171309709], "cc_nrefs": [6223, 3217], "recommended": true}, "8": {"max_angular_difference": 1.096982179882147, "rmsd": 0.049623081512882555, "nspots": 5272, "bravais": "hR", "unit_cell": [17.150374636000773, 17.150374636000773, 10.422149361515023, 90.00000000000001, 90.0, 120.00000000000001], "cb_op": "b-c,-a+c,a+b+c", "max_cc": 0.8154807158517168, "min_cc": 0.8151525007425863, "correlation_coefficients": [0.9987471040744634, 0.8151525007425863, 0.8154807158517168], "cc_nrefs": [6223, 1740, 1740], "recommended": true}, "7": {"max_angular_difference": 1.096982179882147, "rmsd": 0.049008820870874055, "nspots": 5293, "bravais": "mI", "unit_cell": [10.453563926735995, 17.08522023629754, 10.407632540852243, 90.0, 109.20742173660345, 90.00000000000001], "cb_op": "b,a-c,-a-b-c", "max_cc": 0.8979580819328571, "min_cc": 0.8979580819328571, "correlation_coefficients": [0.9987471040744634, 0.8979580819328571], "cc_nrefs": [6223, 2300], "recommended": true}, "6": {"max_angular_difference": 0.8618620996830659, "rmsd": 0.048155227794008805, "nspots": 5260, "bravais": "mI", "unit_cell": [10.443556764309614, 17.168830705804805, 10.445485386641689, 90.00000000000003, 109.57192200908496, 89.99999999999999], "cb_op": "a,-b+c,-a-b-c", "max_cc": 0.8927274646699187,