{"9": {"max_angular_difference": 4.068192954361952, "rmsd": 0.028286723034547174, "nspots": 667, "bravais": "tP", "unit_cell": [92.66547816597642, 92.66547816597645, 49.41058484663887, 90.00000000000003, 90.00000000000004, 90.00000000000001], "cb_op": "b,c,a", "max_cc": 0.9470676370073207, "min_cc": 0.34325251256275296, "correlation_coefficients": [0.9972021687845496, 0.34325251256275296, 0.5099515123754946, 0.9470676370073207], "cc_nrefs": [785, 97, 97, 111], "recommended": true}, "8": {"max_angular_difference": 4.068192954361952, "rmsd": 0.026899436921215016, "nspots": 671, "bravais": "oP", "unit_cell": [51.847237381385845, 96.84258459301616, 100.21979092359584, 90.0, 90.00000000000001, 90.00000000000001], "cb_op": "a,b,c", "max_cc": 0.9470676370073207, "min_cc": 0.34777827469953243, "correlation_coefficients": [0.9972021687845496, 0.9470676370073207, 0.9447929049887634, 0.34777827469953243], "cc_nrefs": [785, 111, 62, 155], "recommended": true}, "7": {"max_angular_difference": 4.068192954361952, "rmsd": 0.026706599805447838, "nspots": 671, "bravais": "mP", "unit_cell": [51.18602081721604, 98.9930338157828, 95.80232931486545, 90.00000000000001, 90.28265097160822, 90.0], "cb_op": "-a,-c,-b", "max_cc": 0.34777827469953243, "min_cc": 0.34777827469953243, "correlation_coefficients": [0.9972021687845496, 0.34777827469953243], "cc_nrefs": [785, 155], "recommended": true}, "6": {"max_angular_difference": 3.8949715967239418, "rmsd": 0.02830445627606936, "nspots": 672, "bravais": "oC", "unit_cell": [134.3792202912437, 137.1291620369788, 51.53728254326506, 90.00000000000001, 90.0, 90.0], "cb_op": "b+c,-b+c,a", "max_cc": 0.9470676370073207, "min_cc": 0.7338821252393881, "correlation_coefficients": [0.9972021687845496, 0.7338821252393881, 0.9403383549263082, 0.9470676370073207], "cc_nrefs": [785, 366, 97, 111], "recommended": true}, "5": {"max_angular_difference": 3.8949715967239418, "rmsd": 0.028547888440552963, "nspots": 676, "bravais": "mC", "unit_cell": [129.80958610770344, 127.18387290911879, 48.654471089868956, 90.00000000000001, 90.11700514581759, 90.00000000000001], "cb_op": "b-c,b+c,a", "max_cc": 0.7338821252393881, "min_cc": 0.7338821252393881, "correlation_coefficients": [0.9972021687845496, 0.7338821252393881], "cc_nrefs": [785, 366], "recommended": true}, "4": {"max_angular_difference": 3.5931172822561432, "rmsd": 0.026757060092453606, "nspots": 674, "bravais": "mP", "unit_cell": [93.69707662744524, 50.62380523482661, 96.19858051325554, 90.00000000000001, 91.49834408454673, 90.0], "cb_op": "-b,-a,-c", "max_cc": 0.9470676370073207, "min_cc": 0.9470676370073207, "correlation_coefficients": [0.9972021687845496, 0.9470676370073207], "cc_nrefs": [785, 111], "recommended": true}, "3": {"max_angular_difference": 2.9306255384221154, "rmsd": 0.026916670040588175, "nspots": 670, "bravais": "mP", "unit_cell": [49.53604397338919, 92.50835772228385, 95.9311775601073, 90.00000000000003, 89.84454639324811, 90.00000000000003], "cb_op": "a,b,c", "max_cc": 0.9447929049887634, "min_cc": 0.9447929049887634, "correlation_coefficients": [0.9972021687845496, 0.9447929049887634], "cc_nrefs": [785, 62], "recommended": true}, "2": {"max_angular_difference": 2.2394485841797653, "rmsd": 0.027443868159013018, "nspots": 671, "bravais": "mC", "unit_cell": [139.41744227738437, 142.70987931191382, 53.30774778458645, 90.0, 90.98761555919388, 90.00000000000001], "cb_op": "b+c,-b+c,a", "max_cc": 0.9403383549263082, "min_cc": 0.9403383549263082, "correlation_coefficients": [0.9972021687845496, 0.9403383549263082], "cc_nrefs": [785, 97], "recommended": true}, "1": {"max_angular_difference": 0.0, "rmsd": 0.026203840916170364, "nspots": 669, "bravais": "aP", "unit_cell": [49.2615626881958, 91.53998821603804, 93.23499374514492, 92.05890578242074, 90.18334486556043, 90.70246350839058], "cb_op": "a,b,c", "max_cc": null, "min_cc": null, "correlation_coefficients": [0.9972021687845496], "cc_nrefs": [785], "recommended": true}}