{"9": {"max_angular_difference": 1.3743515894356222, "rmsd": 0.1044656329381167, "nspots": 695, "bravais": "tP", "unit_cell": [78.15844314093387, 78.1584431409339, 39.66928617270566, 90.00000000000003, 90.00000000000001, 90.00000000000006], "cb_op": "b,c,a", "max_cc": 0.6618671200040261, "min_cc": 0.31589475925771987, "correlation_coefficients": [0.9809721684297854, 0.31589475925771987, 0.452893066812034, 0.6618671200040261], "cc_nrefs": [847, 172, 172, 249], "recommended": false}, "8": {"max_angular_difference": 1.3743515894356222, "rmsd": 0.09366477859022958, "nspots": 697, "bravais": "oP", "unit_cell": [40.20473435608862, 77.57251144533302, 78.52553182505855, 90.00000000000001, 90.00000000000001, 90.00000000000001], "cb_op": "a,b,c", "max_cc": 0.7804204627438167, "min_cc": 0.5907810351024209, "correlation_coefficients": [0.9809721684297854, 0.6618671200040261, 0.5907810351024209, 0.7804204627438167], "cc_nrefs": [847, 249, 219, 350], "recommended": false}, "7": {"max_angular_difference": 1.3743515894356222, "rmsd": 0.08785774927330195, "nspots": 674, "bravais": "mP", "unit_cell": [39.11412501471396, 78.57506494751159, 76.81160696947117, 90.00000000000001, 87.41394750252998, 90.00000000000003], "cb_op": "-a,-c,-b", "max_cc": 0.7804204627438167, "min_cc": 0.7804204627438167, "correlation_coefficients": [0.9809721684297854, 0.7804204627438167], "cc_nrefs": [847, 350], "recommended": true}, "6": {"max_angular_difference": 1.2702930447157161, "rmsd": 0.06069561972612599, "nspots": 665, "bravais": "mP", "unit_cell": [38.95483402342089, 77.78906071455401, 78.15784148521045, 90.0, 86.88398777664086, 90.00000000000001], "cb_op": "a,b,c", "max_cc": 0.5907810351024209, "min_cc": 0.5907810351024209, "correlation_coefficients": [0.9809721684297854, 0.5907810351024209], "cc_nrefs": [847, 219], "recommended": false}, "5": {"max_angular_difference": 1.0158277014127715, "rmsd": 0.04872092255693016, "nspots": 657, "bravais": "oC", "unit_cell": [109.32468875347405, 112.1754421333268, 38.48002609454553, 90.00000000000001, 90.00000000000001, 90.00000000000001], "cb_op": "b-c,b+c,a", "max_cc": 0.6786265019444603, "min_cc": 0.40983089857737226, "correlation_coefficients": [0.9809721684297854, 0.40983089857737226, 0.6786265019444603, 0.6618671200040261], "cc_nrefs": [847, 327, 209, 249], "recommended": true}, "4": {"max_angular_difference": 1.0158277014127715, "rmsd": 0.037330883912510715, "nspots": 650, "bravais": "mC", "unit_cell": [109.54974349630677, 111.99441400666878, 38.91211369826049, 90.00000000000003, 91.25578987482714, 90.00000000000001], "cb_op": "b-c,b+c,a", "max_cc": 0.6786265019444603, "min_cc": 0.6786265019444603, "correlation_coefficients": [0.9809721684297854, 0.6786265019444603], "cc_nrefs": [847, 209], "recommended": true}, "3": {"max_angular_difference": 0.8286226616389449, "rmsd": 0.031406818759053906, "nspots": 639, "bravais": "mP", "unit_cell": [77.80053036412666, 38.926515422174504, 78.60235341554878, 90.00000000000001, 88.57392855286899, 90.00000000000001], "cb_op": "-b,-a,-c", "max_cc": 0.6618671200040261, "min_cc": 0.6618671200040261, "correlation_coefficients": [0.9809721684297854, 0.6618671200040261], "cc_nrefs": [847, 249], "recommended": true}, "2": {"max_angular_difference": 0.6348362970398942, "rmsd": 0.04843257742874545, "nspots": 655, "bravais": "mC", "unit_cell": [112.25958656647157, 109.3149274344829, 38.54838087283526, 90.00000000000001, 90.17847813061184, 90.00000000000001], "cb_op": "b+c,-b+c,a", "max_cc": 0.40983089857737226, "min_cc": 0.40983089857737226, "correlation_coefficients": [0.9809721684297854, 0.40983089857737226], "cc_nrefs": [847, 327], "recommended": true}, "1": {"max_angular_difference": 0.0, "rmsd": 0.02993761150117765, "nspots": 637, "bravais": "aP", "unit_cell": [38.669049145505575, 77.66076144632832, 78.49578354983363, 88.81067002792123, 89.3018652026014, 89.5394200692415], "cb_op": "a,b,c", "max_cc": null, "min_cc": null, "correlation_coefficients": [0.9809721684297854], "cc_nrefs": [847], "recommended": true}}