{"9": {"max_angular_difference": 1.2844228232465225, "rmsd": 0.09408581475709527, "nspots": 1199, "bravais": "tP", "unit_cell": [77.76921786777804, 77.76921786777802, 40.70109530504954, 90.00000000000001, 90.00000000000001, 90.00000000000001], "cb_op": "b,c,a", "max_cc": 0.8527724813406105, "min_cc": 0.392184993462388, "correlation_coefficients": [0.9919014966915002, 0.392184993462388, 0.4133812905884304, 0.8527724813406105], "cc_nrefs": [1322, 228, 228, 280], "recommended": false}, "8": {"max_angular_difference": 1.2844228232465225, "rmsd": 0.08354304398163417, "nspots": 1194, "bravais": "oC", "unit_cell": [109.35269068295285, 110.98475692291473, 39.77395558485217, 90.00000000000003, 90.00000000000001, 90.00000000000003], "cb_op": "b-c,b+c,a", "max_cc": 0.8527724813406105, "min_cc": 0.3437517080849935, "correlation_coefficients": [0.9919014966915002, 0.7161091756721498, 0.3437517080849935, 0.8527724813406105], "cc_nrefs": [1322, 555, 142, 280], "recommended": false}, "7": {"max_angular_difference": 1.2844228232465225, "rmsd": 0.05901472280177801, "nspots": 1158, "bravais": "mC", "unit_cell": [108.94100357658623, 111.57819212299498, 38.56615485402999, 90.00000000000001, 92.32474355945267, 90.0], "cb_op": "b-c,b+c,a", "max_cc": 0.3437517080849935, "min_cc": 0.3437517080849935, "correlation_coefficients": [0.9919014966915002, 0.3437517080849935], "cc_nrefs": [1322, 142], "recommended": true}, "6": {"max_angular_difference": 1.112795500498531, "rmsd": 0.07107251451070051, "nspots": 1180, "bravais": "oP", "unit_cell": [39.746480839313065, 77.30806340525139, 78.70497960184053, 90.00000000000001, 90.00000000000001, 90.00000000000001], "cb_op": "a,b,c", "max_cc": 0.8527724813406105, "min_cc": 0.30714365716142855, "correlation_coefficients": [0.9919014966915002, 0.8527724813406105, 0.30714365716142855, 0.606026551931422], "cc_nrefs": [1322, 280, 481, 288], "recommended": true}, "5": {"max_angular_difference": 1.107008858278539, "rmsd": 0.0780492153432461, "nspots": 1177, "bravais": "mC", "unit_cell": [109.82772864139886, 109.45447174016358, 38.57780085495807, 90.00000000000001, 87.47243561622042, 90.00000000000003], "cb_op": "b+c,-b+c,a", "max_cc": 0.7161091756721498, "min_cc": 0.7161091756721498, "correlation_coefficients": [0.9919014966915002, 0.7161091756721498], "cc_nrefs": [1322, 555], "recommended": true}, "4": {"max_angular_difference": 1.112795500498531, "rmsd": 0.05208087806868122, "nspots": 1135, "bravais": "mP", "unit_cell": [38.587099122427, 79.02101858347895, 77.01305251816687, 90.00000000000001, 87.93240933175132, 90.00000000000001], "cb_op": "-a,-c,-b", "max_cc": 0.606026551931422, "min_cc": 0.606026551931422, "correlation_coefficients": [0.9919014966915002, 0.606026551931422], "cc_nrefs": [1322, 288], "recommended": true}, "3": {"max_angular_difference": 0.9818347499983447, "rmsd": 0.07028681740379922, "nspots": 1169, "bravais": "mP", "unit_cell": [38.770194559451824, 77.37343977126669, 78.01869249548727, 90.00000000000001, 87.97303203567813, 90.00000000000001], "cb_op": "a,b,c", "max_cc": 0.30714365716142855, "min_cc": 0.30714365716142855, "correlation_coefficients": [0.9919014966915002, 0.30714365716142855], "cc_nrefs": [1322, 481], "recommended": true}, "2": {"max_angular_difference": 0.7109420382123985, "rmsd": 0.0364400278232848, "nspots": 1122, "bravais": "mP", "unit_cell": [77.39609535483736, 38.438670566148474, 79.06497997839062, 90.00000000000001, 88.91331587086519, 90.00000000000003], "cb_op": "-b,-a,-c", "max_cc": 0.8527724813406105, "min_cc": 0.8527724813406105, "correlation_coefficients": [0.9919014966915002, 0.8527724813406105], "cc_nrefs": [1322, 280], "recommended": true}, "1": {"max_angular_difference": 0.0, "rmsd": 0.035770650110571386, "nspots": 1114, "bravais": "aP", "unit_cell": [38.165615235408794, 77.34336654491032, 78.82825783942847, 89.07676304374942, 89.37301791960518, 89.65567635146009], "cb_op": "a,b,c", "max_cc": null, "min_cc": null, "correlation_coefficients": [0.9919014966915002], "cc_nrefs": [1322], "recommended": true}}