{"9": {"max_angular_difference": 2.6782431010443455, "rmsd": 0.07615831142839592, "nspots": 785, "bravais": "tP", "unit_cell": [77.82242207280906, 77.82242207280909, 40.37523965452309, 90.00000000000001, 90.00000000000001, 90.00000000000001], "cb_op": "b,c,a", "max_cc": 0.5229075528668666, "min_cc": 0.18264962304209809, "correlation_coefficients": [0.8856879878113662, 0.43167865447386644, 0.18264962304209809, 0.5229075528668666], "cc_nrefs": [1382, 615, 615, 629], "recommended": false}, "8": {"max_angular_difference": 2.6782431010443455, "rmsd": 0.0679747530744068, "nspots": 833, "bravais": "oC", "unit_cell": [109.52365590264776, 111.51228059850465, 39.85921001530342, 90.00000000000001, 90.00000000000001, 90.00000000000003], "cb_op": "b-c,b+c,a", "max_cc": 0.5229075528668666, "min_cc": 0.28794945688171614, "correlation_coefficients": [0.8856879878113662, 0.3259441029376253, 0.28794945688171614, 0.5229075528668666], "cc_nrefs": [1382, 621, 555, 629], "recommended": false}, "7": {"max_angular_difference": 2.6782431010443455, "rmsd": 0.03656053847016579, "nspots": 764, "bravais": "mC", "unit_cell": [108.98294542663054, 111.76816073684131, 38.9022381260009, 89.99999999999999, 92.7557759653585, 90.0], "cb_op": "b-c,b+c,a", "max_cc": 0.28794945688171614, "min_cc": 0.28794945688171614, "correlation_coefficients": [0.8856879878113662, 0.28794945688171614], "cc_nrefs": [1382, 555], "recommended": true}, "6": {"max_angular_difference": 2.640262293231257, "rmsd": 0.06574507709840546, "nspots": 820, "bravais": "oP", "unit_cell": [39.47641353482718, 77.27623314571439, 78.70358154313541, 90.00000000000001, 90.00000000000001, 90.00000000000001], "cb_op": "a,b,c", "max_cc": 0.5229075528668666, "min_cc": 0.3723321842839203, "correlation_coefficients": [0.8856879878113662, 0.5229075528668666, 0.3723321842839203, 0.3748335955619222], "cc_nrefs": [1382, 629, 772, 613], "recommended": false}, "5": {"max_angular_difference": 2.640262293231257, "rmsd": 0.02763380344840422, "nspots": 812, "bravais": "mP", "unit_cell": [77.47588823896116, 38.6113715223214, 79.13286211853341, 90.0, 88.81415586677912, 90.00000000000001], "cb_op": "-b,-a,-c", "max_cc": 0.5229075528668666, "min_cc": 0.5229075528668666, "correlation_coefficients": [0.8856879878113662, 0.5229075528668666], "cc_nrefs": [1382, 629], "recommended": true}, "4": {"max_angular_difference": 2.2957883599136566, "rmsd": 0.05210813552637901, "nspots": 768, "bravais": "mP", "unit_cell": [38.655424885787106, 77.39186565263596, 77.56374635941809, 90.00000000000001, 93.28378095172172, 90.00000000000001], "cb_op": "-a,-b,c", "max_cc": 0.3723321842839203, "min_cc": 0.3723321842839203, "correlation_coefficients": [0.8856879878113662, 0.3723321842839203], "cc_nrefs": [1382, 772], "recommended": false}, "3": {"max_angular_difference": 1.6958103058443528, "rmsd": 0.04213158511028317, "nspots": 781, "bravais": "mP", "unit_cell": [38.33815286543236, 79.18394772572579, 77.13463428240593, 90.00000000000001, 92.54431659786799, 90.0], "cb_op": "-a,c,b", "max_cc": 0.3748335955619222, "min_cc": 0.3748335955619222, "correlation_coefficients": [0.8856879878113662, 0.3748335955619222], "cc_nrefs": [1382, 613], "recommended": true}, "2": {"max_angular_difference": 0.7916757182914156, "rmsd": 0.05595575010123873, "nspots": 804, "bravais": "mC", "unit_cell": [110.35541212075968, 109.59247719717204, 38.78817576504607, 90.00000000000001, 92.90212753866531, 90.00000000000003], "cb_op": "-b-c,b-c,a", "max_cc": 0.3259441029376253, "min_cc": 0.3259441029376253, "correlation_coefficients": [0.8856879878113662, 0.3259441029376253], "cc_nrefs": [1382, 621], "recommended": false}, "1": {"max_angular_difference": 0.0, "rmsd": 0.025565010879656347, "nspots": 810, "bravais": "aP", "unit_cell": [38.315905152061966, 77.43395674503964, 78.66837108810057, 89.04713658586084, 88.83426798149439, 89.54331757958316], "cb_op": "a,b,c", "max_cc": null, "min_cc": null, "correlation_coefficients": [0.8856879878113662], "cc_nrefs": [1382], "recommended": true}}